[
  {
    "category": "photo",
    "thumbnail": "https://live.staticflickr.com/65535/50913424113_602e23282d_n.jpg",
    "fullSource": "https://live.staticflickr.com/65535/50913424113_602e23282d_b.jpg",
    "title_en": "Portraiture",
    "title_bn": "পোর্ট্রেট"
  },
  {
    "category": "photo",
    "thumbnail": "https://live.staticflickr.com/65535/49940258441_47bd3d3b6e_n.jpg",
    "fullSource": "https://live.staticflickr.com/65535/49940258441_47bd3d3b6e_b.jpg",
    "title_en": "Candid Shot",
    "title_bn": "ক্যান্ডিড শট"
  },
  {
    "category": "photo",
    "thumbnail": "https://live.staticflickr.com/65535/49940258971_32c94b8806_n.jpg",
    "fullSource": "https://live.staticflickr.com/65535/49940258971_32c94b8806_b.jpg",
    "title_en": "Outdoor Photography",
    "title_bn": "আউটডোর ফটোগ্রাফি"
  },
  {
    "category": "video",
    "thumbnail": "https://i.ytimg.com/vi/zikwzXyTNIs/hqdefault.jpg",
    "fullSource": "https://www.youtube.com/embed/zikwzXyTNIs",
    "title_en": "Promotional Video",
    "title_bn": "প্রচারমূলক ভিডিও"
  },
  {
    "category": "video",
    "thumbnail": "https://i.ytimg.com/vi/TGE4qn2eHlo/hqdefault.jpg",
    "fullSource": "https://www.youtube.com/embed/TGE4qn2eHlo",
    "title_en": "Event Coverage",
    "title_bn": "ইভেন্ট কভারেজ"
  },
  {
    "category": "writing",
    "title_en": "Golden Basket: 5th Anniversary",
    "title_bn": "গোল্ডেন বাস্কেট: ৫ম বর্ষপূর্তি",
    "content_en": "<h3>Documentation Script: Golden Basket’s 5th Anniversary</h3><p><b>Title:</b> Five Years of Relation: The Journey of Golden Basket</p><p><b>Runtime:</b> 2 Minutes</p><p><b>Scene 1:</b> (Slow motion, pleasant music) Exterior shot of Golden Basket, staff welcoming customers with a smile. A busy environment inside.</p><p><b>Voiceover (Deep & Heartfelt):</b> \"It started with a dream. A dream to deliver the best quality products and warm hospitality to the people of Pabna. Today, after five years, that dream has become a reality through your love.\"</p>",
    "content_bn": "<h3>ডকুমেন্টেশন স্ক্রিপ্ট: গোল্ডেন বাস্কেটের ৫ বছর পূর্তি</h3><p><b>টাইটেল:</b> সম্পর্কের পাঁচ বছর: গোল্ডেন বাস্কেটের পথচলা</p><p><b>রানটাইম:</b> ২ মিনিট</p><p><b>দৃশ্য ১:</b> (স্লো মোশন, মনোরম সঙ্গীত) গোল্ডেন বাস্কেটের বাইরের দৃশ্য, কর্মীরা গ্রাহকদের হাসিমুখে স্বাগত জানাচ্ছে। ভিতরে কর্মব্যস্ত পরিবেশ।</p><p><b>ভয়েসওভার (গভীর ও আন্তরিক):</b> \"শুরুটা হয়েছিল একটা স্বপ্ন দিয়ে। পাবনার মানুষের কাছে সেরা মানের পণ্য আর উষ্ণ আতিথেয়তা পৌঁছে দেওয়ার স্বপ্ন। আজ পাঁচ বছর পর, সেই স্বপ্ন আপনাদের ভালোবাসায় সত্যি হয়েছে।\"</p>"
  },
  {
    "category": "writing",
    "title_en": "Pabna Online Corner Ad",
    "title_bn": "পাবনা অনলাইন কর্নার বিজ্ঞাপন",
    "content_en": "<h3>Ad Script: Pabna Online Corner</h3><p><b>Title:</b> Style in Your Grasp</p><p><b>Runtime:</b> 25 Seconds</p><p><b>Scene:</b> A few stylish young men are roaming around modern city locations. They are wearing trendy shirts, t-shirts, and jeans.</p><p><b>Background Music:</b> (Modern, upbeat track)</p><p><b>Voiceover (Smart & Young):</b> \"Your style is your identity. And to give that identity a new look, Pabna Online Corner brings the best collection of stylish men's dresses. Premium quality, latest designs. Visit our Facebook page today. Pabna Online Corner—No Tension, Only Fashion!\"</p>",
    "content_bn": "<h3>বিজ্ঞাপন স্ক্রিপ্ট: পাবনা অনলাইন কর্নার</h3><p><b>টাইটেল:</b> স্টাইল এখন হাতের মুঠোয়</p><p><b>রানটাইম:</b> ২৫ সেকেন্ড</p><p><b>দৃশ্য:</b> কয়েকজন স্টাইলিশ তরুণ শহরের বিভিন্ন আধুনিক লোকেশনে ঘুরছে। তাদের পরনে ট্রেন্ডি শার্ট, টি-শার্ট ও জিন্স।</p><p><b>ব্যাকগ্রাউন্ড মিউজিক:</b> (আধুনিক, আপবিট ট্র্যাক)</p><p><b>ভয়েসওভার (স্মার্ট ও তরুণ):</b> \"আপনার স্টাইলই আপনার পরিচয়। আর সেই পরিচয়কে নতুন রূপ দিতে পাবনা অনলাইন কর্নার নিয়ে এলো ছেলেদের স্টাইলিশ ড্রেসের সেরা কালেকশন। প্রিমিয়াম কোয়ালিটি, লেটেস্ট ডিজাইন। আজই ভিজিট করুন আমাদের ফেসবুক পেজ। পাবনা অনলাইন কর্নার—নো টেনশন, অনলি ফ্যাশন!\"</p>"
  }
]